shape,rows,cols,kernel,bpw,ns_per_gemv,weight_MiB,GB_s
gate/up_proj,3072,1024,Q3_K-real-actf32,3.4375,513675,1.29,2.63
gate/up_proj,3072,1024,Q3_K-real-actint8,3.4375,462750,1.29,2.92
gate/up_proj,3072,1024,T3 fold9 K=2-vs-real,4.1250,59425,1.55,27.30
gate/up_proj,3072,1024,T1 2-bit-vs-real,2.1250,62025,0.80,13.47
gate/up_proj,3072,1024,threads1-Q3_K-real,3.4375,448175,0,3.02
gate/up_proj,3072,1024,threads1-fold9,4.1250,61075,0,26.56
gate/up_proj,3072,1024,threads2-Q3_K-real,3.4375,234600,0,5.76
gate/up_proj,3072,1024,threads2-fold9,4.1250,31100,0,52.15
gate/up_proj,3072,1024,threads4-Q3_K-real,3.4375,126100,0,10.72
gate/up_proj,3072,1024,threads4-fold9,4.1250,16900,0,95.98
down_proj,1024,3072,Q4_K-real-actf32,4.5000,338200,1.69,5.23
down_proj,1024,3072,Q4_K-real-actint8,4.5000,129325,1.69,13.68
down_proj,1024,3072,T3 fold9 K=2-vs-real,4.1250,58425,1.55,27.76
down_proj,1024,3072,T1 2-bit-vs-real,2.1250,57200,0.80,14.61
down_proj,1024,3072,threads1-Q4_K-real,4.5000,128375,0,13.78
down_proj,1024,3072,threads1-fold9,4.1250,57950,0,27.99
down_proj,1024,3072,threads2-Q4_K-real,4.5000,67650,0,26.16
down_proj,1024,3072,threads2-fold9,4.1250,30725,0,52.79
down_proj,1024,3072,threads4-Q4_K-real,4.5000,36325,0,48.71
down_proj,1024,3072,threads4-fold9,4.1250,21500,0,75.44
q_proj,2048,1024,Q3_K-real-actf32,3.4375,299275,0.86,3.01
q_proj,2048,1024,Q3_K-real-actint8,3.4375,294750,0.86,3.06
q_proj,2048,1024,T3 fold9 K=2-vs-real,4.1250,40400,1.03,26.77
q_proj,2048,1024,T1 2-bit-vs-real,2.1250,39875,0.53,13.97
q_proj,2048,1024,threads1-Q3_K-real,3.4375,295375,0,3.05
q_proj,2048,1024,threads1-fold9,4.1250,39800,0,27.17
q_proj,2048,1024,threads2-Q3_K-real,3.4375,153975,0,5.85
q_proj,2048,1024,threads2-fold9,4.1250,21225,0,50.95
q_proj,2048,1024,threads4-Q3_K-real,3.4375,80275,0,11.23
q_proj,2048,1024,threads4-fold9,4.1250,11675,0,92.62
o_proj,1024,2048,Q4_K-real-actf32,4.5000,226375,1.12,5.21
o_proj,1024,2048,Q4_K-real-actint8,4.5000,86475,1.12,13.64
o_proj,1024,2048,T3 fold9 K=2-vs-real,4.1250,39250,1.03,27.55
o_proj,1024,2048,T1 2-bit-vs-real,2.1250,40925,0.53,13.61
o_proj,1024,2048,threads1-Q4_K-real,4.5000,86325,0,13.67
o_proj,1024,2048,threads1-fold9,4.1250,40875,0,26.45
o_proj,1024,2048,threads2-Q4_K-real,4.5000,47475,0,24.85
o_proj,1024,2048,threads2-fold9,4.1250,21825,0,49.55
o_proj,1024,2048,threads4-Q4_K-real,4.5000,25075,0,47.04
o_proj,1024,2048,threads4-fold9,4.1250,17400,0,62.15
k_proj,1024,1024,Q3_K-real-actf32,3.4375,153925,0.43,2.93
k_proj,1024,1024,Q3_K-real-actint8,3.4375,147025,0.43,3.06
k_proj,1024,1024,T3 fold9 K=2-vs-real,4.1250,20250,0.52,26.70
k_proj,1024,1024,T1 2-bit-vs-real,2.1250,20050,0.27,13.89
k_proj,1024,1024,threads1-Q3_K-real,3.4375,152325,0,2.96
k_proj,1024,1024,threads1-fold9,4.1250,20400,0,26.50
k_proj,1024,1024,threads2-Q3_K-real,3.4375,78250,0,5.76
k_proj,1024,1024,threads2-fold9,4.1250,10950,0,49.38
k_proj,1024,1024,threads4-Q3_K-real,3.4375,43450,0,10.37
k_proj,1024,1024,threads4-fold9,4.1250,6700,0,80.70
v_proj,1024,1024,Q4_K-real-actf32,4.5000,114225,0.56,5.16
v_proj,1024,1024,Q4_K-real-actint8,4.5000,44650,0.56,13.21
v_proj,1024,1024,T3 fold9 K=2-vs-real,4.1250,20550,0.52,26.31
v_proj,1024,1024,T1 2-bit-vs-real,2.1250,20325,0.27,13.70
v_proj,1024,1024,threads1-Q4_K-real,4.5000,43700,0,13.50
v_proj,1024,1024,threads1-fold9,4.1250,20150,0,26.83
v_proj,1024,1024,threads2-Q4_K-real,4.5000,23150,0,25.48
v_proj,1024,1024,threads2-fold9,4.1250,10925,0,49.49
v_proj,1024,1024,threads4-Q4_K-real,4.5000,13575,0,43.45
v_proj,1024,1024,threads4-fold9,4.1250,7025,0,76.96
lm_head,151936,1024,Q6_K-real-actf32,6.5625,24302550,121.71,5.25
lm_head,151936,1024,Q6_K-real-actint8,6.5625,24214100,121.71,5.27
lm_head,151936,1024,T3 fold9 K=2-vs-real,4.1250,3237925,76.51,24.78
lm_head,151936,1024,T1 2-bit-vs-real,2.1250,3249175,39.41,12.72
lm_head,151936,1024,threads1-Q6_K-real,6.5625,24357325,0,5.24
lm_head,151936,1024,threads1-fold9,4.1250,3030325,0,26.47
lm_head,151936,1024,threads2-Q6_K-real,6.5625,12504825,0,10.21
lm_head,151936,1024,threads2-fold9,4.1250,1588375,0,50.51
lm_head,151936,1024,threads4-Q6_K-real,6.5625,6638075,0,19.23
lm_head,151936,1024,threads4-fold9,4.1250,1416000,0,56.65
gate/up_proj,3072,1024,Q4_K-real-actf32,4.5000,356400,1.69,4.96
gate/up_proj,3072,1024,Q4_K-real-actint8,4.5000,135375,1.69,13.07
gate/up_proj,3072,1024,T3 fold9 K=2-vs-real,4.1250,64375,1.55,25.20
gate/up_proj,3072,1024,T1 2-bit-vs-real,2.1250,62800,0.80,13.31
gate/up_proj,3072,1024,threads1-Q4_K-real,4.5000,138150,0,12.81
gate/up_proj,3072,1024,threads1-fold9,4.1250,62175,0,26.09
gate/up_proj,3072,1024,threads2-Q4_K-real,4.5000,70850,0,24.97
gate/up_proj,3072,1024,threads2-fold9,4.1250,31925,0,50.81
gate/up_proj,3072,1024,threads4-Q4_K-real,4.5000,60975,0,29.02
gate/up_proj,3072,1024,threads4-fold9,4.1250,28675,0,56.57
down_proj,1024,3072,Q6_K-real-actf32,6.5625,506000,2.46,5.10
down_proj,1024,3072,Q6_K-real-actint8,6.5625,516375,2.46,5.00
down_proj,1024,3072,T3 fold9 K=2-vs-real,4.1250,64800,1.55,25.03
down_proj,1024,3072,T1 2-bit-vs-real,2.1250,102375,0.80,8.16
down_proj,1024,3072,threads1-Q6_K-real,6.5625,550925,0,4.68
down_proj,1024,3072,threads1-fold9,4.1250,62725,0,25.86
down_proj,1024,3072,threads2-Q6_K-real,6.5625,265050,0,9.74
down_proj,1024,3072,threads2-fold9,4.1250,32800,0,49.45
down_proj,1024,3072,threads4-Q6_K-real,6.5625,182850,0,14.11
down_proj,1024,3072,threads4-fold9,4.1250,28450,0,57.01
q_proj,2048,1024,Q4_K-real-actf32,4.5000,227225,1.12,5.19
q_proj,2048,1024,Q4_K-real-actint8,4.5000,87975,1.12,13.41
q_proj,2048,1024,T3 fold9 K=2-vs-real,4.1250,39675,1.03,27.26
q_proj,2048,1024,T1 2-bit-vs-real,2.1250,39700,0.53,14.03
q_proj,2048,1024,threads1-Q4_K-real,4.5000,89275,0,13.21
q_proj,2048,1024,threads1-fold9,4.1250,42450,0,25.47
q_proj,2048,1024,threads2-Q4_K-real,4.5000,48975,0,24.09
q_proj,2048,1024,threads2-fold9,4.1250,22100,0,48.93
q_proj,2048,1024,threads4-Q4_K-real,4.5000,37050,0,31.84
q_proj,2048,1024,threads4-fold9,4.1250,12300,0,87.91
o_proj,1024,2048,Q4_K-real-actf32,4.5000,226550,1.12,5.21
o_proj,1024,2048,Q4_K-real-actint8,4.5000,86625,1.12,13.62
o_proj,1024,2048,T3 fold9 K=2-vs-real,4.1250,39200,1.03,27.59
o_proj,1024,2048,T1 2-bit-vs-real,2.1250,39400,0.53,14.14
o_proj,1024,2048,threads1-Q4_K-real,4.5000,86475,0,13.64
o_proj,1024,2048,threads1-fold9,4.1250,39325,0,27.50
o_proj,1024,2048,threads2-Q4_K-real,4.5000,46575,0,25.33
o_proj,1024,2048,threads2-fold9,4.1250,22325,0,48.44
o_proj,1024,2048,threads4-Q4_K-real,4.5000,40750,0,28.95
o_proj,1024,2048,threads4-fold9,4.1250,19000,0,56.91
k_proj,1024,1024,Q4_K-real-actf32,4.5000,113850,0.56,5.18
k_proj,1024,1024,Q4_K-real-actint8,4.5000,43900,0.56,13.44
k_proj,1024,1024,T3 fold9 K=2-vs-real,4.1250,20050,0.52,26.97
k_proj,1024,1024,T1 2-bit-vs-real,2.1250,20450,0.27,13.62
k_proj,1024,1024,threads1-Q4_K-real,4.5000,43700,0,13.50
k_proj,1024,1024,threads1-fold9,4.1250,20100,0,26.90
k_proj,1024,1024,threads2-Q4_K-real,4.5000,23325,0,25.29
k_proj,1024,1024,threads2-fold9,4.1250,11675,0,46.31
k_proj,1024,1024,threads4-Q4_K-real,4.5000,12475,0,47.28
k_proj,1024,1024,threads4-fold9,4.1250,6975,0,77.52
v_proj,1024,1024,Q6_K-real-actf32,6.5625,162125,0.82,5.31
v_proj,1024,1024,Q6_K-real-actint8,6.5625,161700,0.82,5.32
v_proj,1024,1024,T3 fold9 K=2-vs-real,4.1250,20525,0.52,26.34
v_proj,1024,1024,T1 2-bit-vs-real,2.1250,20250,0.27,13.75
v_proj,1024,1024,threads1-Q6_K-real,6.5625,165450,0,5.20
v_proj,1024,1024,threads1-fold9,4.1250,20125,0,26.87
v_proj,1024,1024,threads2-Q6_K-real,6.5625,84675,0,10.16
v_proj,1024,1024,threads2-fold9,4.1250,10900,0,49.60
v_proj,1024,1024,threads4-Q6_K-real,6.5625,53100,0,16.20
v_proj,1024,1024,threads4-fold9,4.1250,9925,0,54.48
lm_head,151936,1024,Q6_K-real-actf32,6.5625,24328250,121.71,5.25
lm_head,151936,1024,Q6_K-real-actint8,6.5625,24262700,121.71,5.26
lm_head,151936,1024,T3 fold9 K=2-vs-real,4.1250,3177925,76.51,25.24
lm_head,151936,1024,T1 2-bit-vs-real,2.1250,3087900,39.41,13.38
lm_head,151936,1024,threads1-Q6_K-real,6.5625,24438700,0,5.22
lm_head,151936,1024,threads1-fold9,4.1250,3115175,0,25.75
lm_head,151936,1024,threads2-Q6_K-real,6.5625,12574025,0,10.15
lm_head,151936,1024,threads2-fold9,4.1250,1596625,0,50.24
lm_head,151936,1024,threads4-Q6_K-real,6.5625,6724525,0,18.98
lm_head,151936,1024,threads4-fold9,4.1250,1506925,0,53.24
gate/up_proj,3072,1024,Q4_K-real-actf32,4.5000,404075,1.69,4.38
gate/up_proj,3072,1024,Q4_K-real-actint8,4.5000,131850,1.69,13.42
gate/up_proj,3072,1024,T3 fold9 K=2-vs-real,4.1250,60883,1.55,26.64
gate/up_proj,3072,1024,T1 2-bit-vs-real,2.1250,61358,0.80,13.62
gate/up_proj,3072,1024,threads1-Q4_K-real,4.5000,130733,0,13.53
gate/up_proj,3072,1024,threads1-fold9,4.1250,59108,0,27.44
gate/up_proj,3072,1024,threads2-Q4_K-real,4.5000,67708,0,26.13
gate/up_proj,3072,1024,threads2-fold9,4.1250,30808,0,52.65
gate/up_proj,3072,1024,threads4-Q4_K-real,4.5000,35342,0,50.07
gate/up_proj,3072,1024,threads4-fold9,4.1250,16267,0,99.71
down_proj,1024,3072,Q6_K-real-actf32,6.5625,489042,2.46,5.28
down_proj,1024,3072,Q6_K-real-actint8,6.5625,489708,2.46,5.27
down_proj,1024,3072,T3 fold9 K=2-vs-real,4.1250,57658,1.55,28.13
down_proj,1024,3072,T1 2-bit-vs-real,2.1250,56842,0.80,14.70
down_proj,1024,3072,threads1-Q6_K-real,6.5625,502867,0,5.13
down_proj,1024,3072,threads1-fold9,4.1250,58267,0,27.84
down_proj,1024,3072,threads2-Q6_K-real,6.5625,250975,0,10.28
down_proj,1024,3072,threads2-fold9,4.1250,29942,0,54.17
down_proj,1024,3072,threads4-Q6_K-real,6.5625,139675,0,18.47
down_proj,1024,3072,threads4-fold9,4.1250,15908,0,101.96
q_proj,2048,1024,Q4_K-real-actf32,4.5000,231692,1.12,5.09
q_proj,2048,1024,Q4_K-real-actint8,4.5000,86750,1.12,13.60
q_proj,2048,1024,T3 fold9 K=2-vs-real,4.1250,39583,1.03,27.32
q_proj,2048,1024,T1 2-bit-vs-real,2.1250,39517,0.53,14.10
q_proj,2048,1024,threads1-Q4_K-real,4.5000,87233,0,13.52
q_proj,2048,1024,threads1-fold9,4.1250,39400,0,27.45
q_proj,2048,1024,threads2-Q4_K-real,4.5000,45250,0,26.07
q_proj,2048,1024,threads2-fold9,4.1250,20842,0,51.88
q_proj,2048,1024,threads4-Q4_K-real,4.5000,23775,0,49.62
q_proj,2048,1024,threads4-fold9,4.1250,11575,0,93.42
o_proj,1024,2048,Q4_K-real-actf32,4.5000,228900,1.12,5.15
o_proj,1024,2048,Q4_K-real-actint8,4.5000,87075,1.12,13.55
o_proj,1024,2048,T3 fold9 K=2-vs-real,4.1250,38600,1.03,28.01
o_proj,1024,2048,T1 2-bit-vs-real,2.1250,39558,0.53,14.08
o_proj,1024,2048,threads1-Q4_K-real,4.5000,87658,0,13.46
o_proj,1024,2048,threads1-fold9,4.1250,40792,0,26.51
o_proj,1024,2048,threads2-Q4_K-real,4.5000,48433,0,24.36
o_proj,1024,2048,threads2-fold9,4.1250,20808,0,51.97
o_proj,1024,2048,threads4-Q4_K-real,4.5000,31825,0,37.07
o_proj,1024,2048,threads4-fold9,4.1250,11000,0,98.30
k_proj,1024,1024,Q4_K-real-actf32,4.5000,113558,0.56,5.19
k_proj,1024,1024,Q4_K-real-actint8,4.5000,43658,0.56,13.51
k_proj,1024,1024,T3 fold9 K=2-vs-real,4.1250,20758,0.52,26.05
k_proj,1024,1024,T1 2-bit-vs-real,2.1250,19792,0.27,14.07
k_proj,1024,1024,threads1-Q4_K-real,4.5000,43483,0,13.56
k_proj,1024,1024,threads1-fold9,4.1250,19867,0,27.22
k_proj,1024,1024,threads2-Q4_K-real,4.5000,22658,0,26.03
k_proj,1024,1024,threads2-fold9,4.1250,10367,0,52.15
k_proj,1024,1024,threads4-Q4_K-real,4.5000,12125,0,48.65
k_proj,1024,1024,threads4-fold9,4.1250,5850,0,92.42
v_proj,1024,1024,Q6_K-real-actf32,6.5625,163792,0.82,5.25
v_proj,1024,1024,Q6_K-real-actint8,6.5625,162633,0.82,5.29
v_proj,1024,1024,T3 fold9 K=2-vs-real,4.1250,20433,0.52,26.46
v_proj,1024,1024,T1 2-bit-vs-real,2.1250,20383,0.27,13.66
v_proj,1024,1024,threads1-Q6_K-real,6.5625,162008,0,5.31
v_proj,1024,1024,threads1-fold9,4.1250,19775,0,27.34
v_proj,1024,1024,threads2-Q6_K-real,6.5625,83850,0,10.26
v_proj,1024,1024,threads2-fold9,4.1250,10883,0,49.68
v_proj,1024,1024,threads4-Q6_K-real,6.5625,46842,0,18.36
v_proj,1024,1024,threads4-fold9,4.1250,5767,0,93.76
lm_head,151936,1024,Q6_K-real-actf32,6.5625,24408583,121.71,5.23
lm_head,151936,1024,Q6_K-real-actint8,6.5625,24381242,121.71,5.23
lm_head,151936,1024,T3 fold9 K=2-vs-real,4.1250,3040983,76.51,26.38
lm_head,151936,1024,T1 2-bit-vs-real,2.1250,3046450,39.41,13.57
lm_head,151936,1024,threads1-Q6_K-real,6.5625,24669042,0,5.17
lm_head,151936,1024,threads1-fold9,4.1250,3114017,0,25.76
lm_head,151936,1024,threads2-Q6_K-real,6.5625,12961425,0,9.85
lm_head,151936,1024,threads2-fold9,4.1250,1589217,0,50.48
lm_head,151936,1024,threads4-Q6_K-real,6.5625,7689608,0,16.60
lm_head,151936,1024,threads4-fold9,4.1250,1508883,0,53.17
gate/up_proj,3072,1024,Q4_K-real-actf32,4.5000,359475,1.69,4.92
gate/up_proj,3072,1024,Q4_K-real-actint8,4.5000,136633,1.69,12.95
gate/up_proj,3072,1024,T3 fold9 K=2-vs-real,4.1250,61175,1.55,26.51
gate/up_proj,3072,1024,T1 2-bit-vs-real,2.1250,65517,0.80,12.75
gate/up_proj,3072,1024,threads1-Q4_K-real,4.5000,137425,0,12.88
gate/up_proj,3072,1024,threads1-fold9,4.1250,60900,0,26.63
gate/up_proj,3072,1024,threads2-Q4_K-real,4.5000,91975,0,19.24
gate/up_proj,3072,1024,threads2-fold9,4.1250,45633,0,35.54
gate/up_proj,3072,1024,threads4-Q4_K-real,4.5000,59300,0,29.84
gate/up_proj,3072,1024,threads4-fold9,4.1250,28167,0,57.59
down_proj,1024,3072,Q6_K-real-actf32,6.5625,504442,2.46,5.12
down_proj,1024,3072,Q6_K-real-actint8,6.5625,505558,2.46,5.10
down_proj,1024,3072,T3 fold9 K=2-vs-real,4.1250,62167,1.55,26.09
down_proj,1024,3072,T1 2-bit-vs-real,2.1250,60758,0.80,13.75
down_proj,1024,3072,threads1-Q6_K-real,6.5625,538683,0,4.79
down_proj,1024,3072,threads1-fold9,4.1250,60017,0,27.03
down_proj,1024,3072,threads2-Q6_K-real,6.5625,252567,0,10.22
down_proj,1024,3072,threads2-fold9,4.1250,30125,0,53.84
down_proj,1024,3072,threads4-Q6_K-real,6.5625,133758,0,19.29
down_proj,1024,3072,threads4-fold9,4.1250,16258,0,99.77
q_proj,2048,1024,Q4_K-real-actf32,4.5000,234083,1.12,5.04
q_proj,2048,1024,Q4_K-real-actint8,4.5000,88817,1.12,13.28
q_proj,2048,1024,T3 fold9 K=2-vs-real,4.1250,40550,1.03,26.67
q_proj,2048,1024,T1 2-bit-vs-real,2.1250,40442,0.53,13.77
q_proj,2048,1024,threads1-Q4_K-real,4.5000,88792,0,13.29
q_proj,2048,1024,threads1-fold9,4.1250,40050,0,27.00
q_proj,2048,1024,threads2-Q4_K-real,4.5000,44983,0,26.22
q_proj,2048,1024,threads2-fold9,4.1250,21083,0,51.29
q_proj,2048,1024,threads4-Q4_K-real,4.5000,25750,0,45.81
q_proj,2048,1024,threads4-fold9,4.1250,11033,0,98.01
o_proj,1024,2048,Q4_K-real-actf32,4.5000,230442,1.12,5.12
o_proj,1024,2048,Q4_K-real-actint8,4.5000,89325,1.12,13.21
o_proj,1024,2048,T3 fold9 K=2-vs-real,4.1250,39208,1.03,27.58
o_proj,1024,2048,T1 2-bit-vs-real,2.1250,40733,0.53,13.68
o_proj,1024,2048,threads1-Q4_K-real,4.5000,88033,0,13.40
o_proj,1024,2048,threads1-fold9,4.1250,39458,0,27.40
o_proj,1024,2048,threads2-Q4_K-real,4.5000,46567,0,25.33
o_proj,1024,2048,threads2-fold9,4.1250,20683,0,52.28
o_proj,1024,2048,threads4-Q4_K-real,4.5000,23717,0,49.74
o_proj,1024,2048,threads4-fold9,4.1250,12750,0,84.81
k_proj,1024,1024,Q4_K-real-actf32,4.5000,115375,0.56,5.11
k_proj,1024,1024,Q4_K-real-actint8,4.5000,44175,0.56,13.35
k_proj,1024,1024,T3 fold9 K=2-vs-real,4.1250,20192,0.52,26.78
k_proj,1024,1024,T1 2-bit-vs-real,2.1250,20125,0.27,13.84
k_proj,1024,1024,threads1-Q4_K-real,4.5000,44783,0,13.17
k_proj,1024,1024,threads1-fold9,4.1250,20408,0,26.49
k_proj,1024,1024,threads2-Q4_K-real,4.5000,23542,0,25.05
k_proj,1024,1024,threads2-fold9,4.1250,10992,0,49.19
k_proj,1024,1024,threads4-Q4_K-real,4.5000,20250,0,29.13
k_proj,1024,1024,threads4-fold9,4.1250,9675,0,55.88
v_proj,1024,1024,Q6_K-real-actf32,6.5625,172675,0.82,4.98
v_proj,1024,1024,Q6_K-real-actint8,6.5625,163567,0.82,5.26
v_proj,1024,1024,T3 fold9 K=2-vs-real,4.1250,20200,0.52,26.77
v_proj,1024,1024,T1 2-bit-vs-real,2.1250,20292,0.27,13.73
v_proj,1024,1024,threads1-Q6_K-real,6.5625,164950,0,5.21
v_proj,1024,1024,threads1-fold9,4.1250,20242,0,26.71
v_proj,1024,1024,threads2-Q6_K-real,6.5625,84933,0,10.13
v_proj,1024,1024,threads2-fold9,4.1250,10783,0,50.14
v_proj,1024,1024,threads4-Q6_K-real,6.5625,48250,0,17.83
v_proj,1024,1024,threads4-fold9,4.1250,7225,0,74.83
lm_head,151936,1024,Q6_K-real-actf32,6.5625,24478992,121.71,5.21
lm_head,151936,1024,Q6_K-real-actint8,6.5625,24462642,121.71,5.22
lm_head,151936,1024,T3 fold9 K=2-vs-real,4.1250,3256667,76.51,24.63
lm_head,151936,1024,T1 2-bit-vs-real,2.1250,3041867,39.41,13.59
lm_head,151936,1024,threads1-Q6_K-real,6.5625,24658483,0,5.18
lm_head,151936,1024,threads1-fold9,4.1250,3085908,0,26.00
lm_head,151936,1024,threads2-Q6_K-real,6.5625,12702308,0,10.05
lm_head,151936,1024,threads2-fold9,4.1250,1903933,0,42.13
lm_head,151936,1024,threads4-Q6_K-real,6.5625,6902125,0,18.49
lm_head,151936,1024,threads4-fold9,4.1250,1452442,0,55.23
